Item Name	Roastery	Roast Level	Region	Flavour Profile	Roast Type	Process	Variety	Brewing Method	Coffee Origin	Rating	Recommended	Price
Ethiopia Jenny's BARREL COFFEE - maturing in whiskey barrels	The naughty dog	Omni	Agaro - Jimma	Chocolate,Caramel,Forest fruit,Whiskey	Omni (recommended for both Filter & Espresso Coffee)	Washed	74110,74112,Heirloom	Aeropress,Chemex,Clever dripper,French Press,Hario V60,Moka pot,Vacuum Pot,Espresso	Ethiopia	4.5	96%	14,99
Rwanda KIRAMBO	The naughty dog	Omni	Nyamasheke District	Milk chocolate,Blueberries,Mulled wine,Lemon marmalade	Omni (recommended for both Filter & Espresso Coffee)	Natural	Red Bourbon	Aeropress,Chemex,Clever dripper,French Press,Hario V60,Vacuum Pot,Espresso,Moka pot	Rwanda	4.4	100%	11,99
Ethiopia SUKE QUTO - washed 1000g	The naughty dog	Light to Medium Light	Guji	Bergamot,Peach ice tea,Black tea,Flowers	Filter	Washed	Heirloom	Aeropress,Chemex,Clever dripper,French Press,Hario V60,Vacuum Pot	Ethiopia			49,99
Ethiopia Jenny's BARREL COFFEE - 1000g	The naughty dog	Omni	Agaro - Jimma	Chocolate,Caramel,Forest fruit,Whiskey	Omni (recommended for both Filter & Espresso Coffee)	Washed	74110,74112,Heirloom	Aeropress,Chemex,Clever dripper,French Press,Hario V60,Moka pot,Vacuum Pot,Espresso	Ethiopia	4.5	96%	54,99
Ethiopia GORAA	The naughty dog	Light to Medium Light	Guji	Peach tea,Květinový med,Milk chocolate	Filter	Natural	74110,74112,Heirloom	Aeropress,Chemex,Clever dripper,French Press,Hario V60,Vacuum Pot	Ethiopia			11,99
Ethiopia MALAWO - black honey	The naughty dog	Light to Medium Light	Bensa	Peach ice tea,Jasmine,Forest strawberries,Passion fruit	Filter	Honey	Heirloom	Aeropress,Chemex,Clever dripper,French Press,Hario V60,Vacuum Pot	Ethiopia	5.0	100%	12,99
Kenya NGANDU	The naughty dog	Light to Medium Light	Nyeri	Redcurrant,Maple syrup,Lime	Filter	Washed	SL28,SL34	Aeropress,Chemex,Clever dripper,French Press,Hario V60,Vacuum Pot	Kenya	5.0	100%	11,99
Colombia BOLIVAR	The naughty dog	Light to Medium Light	Antioquia	Caramel,Forest fruit,Rum	Filter	Natural	Castillo,Caturra	Aeropress,Chemex,Clever dripper,French Press,Hario V60,Vacuum Pot	Colombia	4.7	100%	11,99
Ethiopia GENJI CHALLA	The naughty dog	Light to Medium Light	Jimma - Oromia	Bergamot,Black tea,Nectarines,Orange	Filter	Washed	Heirloom	Aeropress,Chemex,Clever dripper,French Press,Hario V60,Vacuum Pot	Ethiopia	4.3	50%	11,99
UNICORN BLEND #5	The naughty dog	Light to Medium Light		Black tea,Květinový med,Apricots,Vanilla,Jelly	Filter		Castillo,Heirloom	Aeropress,Chemex,Clever dripper,French Press,Hario V60,Vacuum Pot	Ethiopia,Colombia			13,99
Brazil RANCHO GRANDE	The naughty dog	Medium to medium dark	Sul de Minas	Dark Bitter chocolate,Hazelnuts,Demerara sugar,Walnuts	Espresso	Natural	Mundo Novo	Espresso,Moka pot	Brazil			9,99
Yemen BANI AL AREEF	The naughty dog	Light to Medium Light	Jemen - Haraz	Black tea,Cotton candy,Red orange,Dried strawberries	Filter	Experimental	Jaadi	Aeropress,Chemex,Clever dripper,French Press,Hario V60,Vacuum Pot	Yemen	4.7	100%	18,99
Ethiopia SUKE QUTO - washed	The naughty dog	Light to Medium Light	Guji	Black tea,Flowers,Bergamot,Peach ice tea	Filter	Washed	Heirloom	Aeropress,Chemex,Clever dripper,French Press,Hario V60,Vacuum Pot	Ethiopia			11,99
Brazil RANCHO GRANDE - 1000g	The naughty dog	Medium to medium dark	Sul de Minas	Dark Bitter chocolate,Hazelnuts,Demerara sugar,Walnuts	Espresso	Natural	Mundo Novo	Moka pot,Espresso	Brazil			39,99
Brazil FAZENDA SALTO - 1000g	The naughty dog	Medium to medium dark	Sul de Minas	Sugarcane,Dark Bitter chocolate,Plum jam	Espresso	Natural	Yellow Bourbon	Moka pot,Espresso	Brazil	4.3	83%	39,99
Ethiopia MALAWO - black honey - 1000g	The naughty dog	Light to Medium Light	Bensa	Jasmine,Passion fruit,Forest strawberries,Peach ice tea	Filter	Honey	Heirloom	Aeropress,Chemex,Clever dripper,French Press,Hario V60,Vacuum Pot	Ethiopia	5.0	100%	59,99
Ethiopia GORAA - 1000g	The naughty dog											54,99
Kenya RUNG'ETO KII AA	Candycane Coffee	Light to Medium Light	Kirinyaga	Vanilla,Blackberry jam,Lime	Filter	Washed	Batian,SL28,SL34,Ruiru 11	Aeropress,Chemex,Clever dripper,French Press,Hario V60,Vacuum Pot	Kenya			14,99
Nicaragua PARAINEMA #2	Candycane Coffee	Medium to medium dark	Matagalpa	Chocolate,Crème brûlée,Pear	Espresso	Natural	Parainema	Moka pot,Espresso	Nicaragua			13,99
El Salvador SANTA RITA	Candycane Coffee	Light to Medium Light		Blueberries,Mulled wine,Plums	Filter	Anaerobic	Bourbon,Hibrido de San Francisco	Aeropress,Chemex,Clever dripper,French Press,Hario V60,Vacuum Pot	El Salvador			13,99
HOME OFFICE blend	Candycane Coffee	Medium to medium dark		Dark Bitter chocolate,Caramel,Hazelnuts	Espresso	Natural	Red Catuai	Espresso,Moka pot	Indonesia,Brazil	4.4	92%	11,99
Costa Rica DON ELI	Candycane Coffee	Medium to medium dark	Kostarika - La Zona de los Santos	Cocoa,Cherries,Flower honey	Espresso	Honey	Catuai	Espresso,Moka pot	Costa Rica			13,99
Costa Rica HACIENDA SONORA - cascara	Candycane Coffee		Grecia	Rhubarb,Ripe cherries,Rosehip tea		Natural	SL28,Caturra,Catuai,Marsellesa,Sarchimor (T5296)		Costa Rica	5.0	100%	14,99
KANCL ESPRESSO blend - 1000g	Candycane Coffee	Medium to medium dark	Brazílie - Lambari	Dark Bitter chocolate,Honey,Hazelnuts	Espresso	Natural	Red Catuai	Espresso,Moka pot	Indonesia,Brazil	3.8	75%	34,99
DECAF capsules for nespresso coffee machines - 12pcs/pack	Candycane Coffee	Medium to medium dark	Huila	Raspberries,Milk chocolate,Nutella	Espresso			Moka pot,Espresso	Colombia			8,99
CLASSIC capsules for nespresso coffee machines - 12pcs/pack	Candycane Coffee	Medium to medium dark	Sao Joao Del Rey	Caramel,Hazelnuts,Milk chocolate	Espresso			Moka pot,Espresso	Brazil	5.0	100%	8,99
FUDGE capsules for nespresso coffee machines - 12pcs/pack	Candycane Coffee		Santa Ana	Honey,Tropical fruit		Anaerobic	SL28		El Salvador			11,99
Colombia PURPLE HAZE	DAK Coffee Roasters	Light to Medium Light	Huila	Forest fruit,Gummy bears,Lískooříškový krém	Filter	Experimental	Typical	Aeropress,Chemex,Clever dripper,French Press,Hario V60,Vacuum Pot	Colombia			22,99
Ethiopia LEMON SQUEEZE	DAK Coffee Roasters	Light to Medium Light	Hamasho	Peach,Vanilla,Ice tea,Lemon tea,Sedmikráska	Filter	Washed	Heirloom	Aeropress,Chemex,Clever dripper,French Press,Hario V60,Vacuum Pot	Ethiopia	5.0	100%	17,99
Colombia COCO BONGO - espresso	DAK Coffee Roasters	Medium to medium dark	Huila	Pineapple drink,Banánový milkshake,Coconut	Espresso	Experimental	Bourbon,Caturra	Moka pot,Espresso	Colombia			19,99
Rwanda HONEYSIDE	DAK Coffee Roasters	Light to Medium Light	Gakenke	Tangerines,Apricots,Honey,Sugarcane	Filter	Washed	Bourbon	Aeropress,Chemex,Clever dripper,French Press,Hario V60,Vacuum Pot	Rwanda			17,99
BISCOTTI pen	DAK Coffee Roasters	Medium to medium dark	Cajamarca	Cocoa,Cranberries,Almond,Honey	Espresso	Washed	Caturra,Bourbon	Espresso,Moka pot	Peru			15,99
Colombia CANDY CRUSH - filter	DAK Coffee Roasters	Light to Medium Light	Quindìo	Caramel,Chewing gums,Marshmallow,Jahodové lízátko	Filter	Experimental	Caturra	Aeropress,Chemex,Clever dripper,French Press,Hario V60,Vacuum Pot	Colombia	5.0	100%	29,99
Brazil PRETTY NUTS	DAK Coffee Roasters	Medium to medium dark	Alta Mogiana	Peanut butter,Forest fruit,Liqueur Grand Marnier,Milk chocolate	Espresso	Natural	Catuai	Moka pot,Espresso	Brazil	4.0	100%	15,99
Peru PINEAPPLE EXPRESS - geisha	DAK Coffee Roasters	Light to Medium Light	Santa Teresa	Pineapple,Lemons,Cocoa,Kiwi	Filter	Natural	Geisha (Gesha)	Aeropress,Chemex,Clever dripper,French Press,Hario V60,Vacuum Pot	Peru			29,99
Kenya BERRY BLISS	DAK Coffee Roasters	Medium to medium dark	Kirinyaga	Cocoa,Forest fruit,White chocolate	Espresso	Washed	SL28,SL34	Espresso,Moka pot	Kenya			17,99
Ethiopia PAMPLEMOUSSE	DAK Coffee Roasters	Medium to medium dark	Guji	Grapefruit,Strawberries,Kumquat	Espresso	Natural	Heirloom	Moka pot,Espresso	Ethiopia			16,99
Colombia VELVET PEACH	DAK Coffee Roasters	Light to Medium Light	Quindìo	Peach,Flowers,Lemon ice cream	Filter	Experimental	Caturra	Aeropress,Chemex,Clever dripper,French Press,Hario V60,Vacuum Pot	Colombia			29,99
Rwanda RUSHASHI - OWOC	HAYB Speciality Coffee	Light to Medium Light	Gakenke	Apple,Forest fruit	Filter	Washed	Bourbon	Aeropress,Chemex,Clever dripper,French Press,Hario V60,Vacuum Pot	Rwanda	3.9	75%	13,99
Brazil CERRADO - KLASYK	HAYB Speciality Coffee	Light to Medium Light	Cerrado Patrocinio	Chocolate	Filter	Natural		Aeropress,Chemex,Clever dripper,French Press,Hario V60,Vacuum Pot	Brazil	4.0	100%	12,99
WHAT THE FUNK espresso blend	HAYB Speciality Coffee	Medium to medium dark	Guji	Milk chocolate,Forest fruit,Red fruits	Espresso		Heirloom	Espresso,Moka pot	Ethiopia	3.9	60%	14,99
Ethiopia ACACIA - KWIAT	HAYB Speciality Coffee	Light to Medium Light	Guji	Honey,Black tea,Flowers,Citrus	Filter	Washed	Heirloom	Aeropress,Chemex,Clever dripper,French Press,Hario V60,Vacuum Pot	Ethiopia			13,99
Colombia LA PRADERA	HAYB Speciality Coffee	Light to Medium Light	Santander	Apricots,Apple,Watermelon	Filter	Natural	Castillo,Tabi	Aeropress,Chemex,Clever dripper,French Press,Hario V60,Vacuum Pot	Colombia	4.5	100%	15,99
Colombia EL PUENTE - TROPICS	HAYB Speciality Coffee	Light to Medium Light	Cauca	Caramel,Rum,Tropical fruit	Filter	Natural		Aeropress,Chemex,Clever dripper,French Press,Hario V60,Vacuum Pot	Colombia	3.8	100%	13,99
Kenya KIANGOMBE AA	HAYB Speciality Coffee	Light to Medium Light	Keňa - Gichugu	Cranberries,Blackberry,Rhubarb	Filter	Washed	SL28,SL34	Aeropress,Chemex,Clever dripper,French Press,Hario V60,Vacuum Pot	Kenya			16,99
Ethiopia CHELEKTU	HAYB Speciality Coffee	Light to Medium Light	Yirgacheffe	White tea,Lemon peel,Orange flower	Filter	Natural	Dega,Kurume,Wolisho	Aeropress,Chemex,Clever dripper,French Press,Hario V60,Vacuum Pot	Ethiopia			15,99
Rwanda HORIZON - natural	Father's Coffee Roastery	Light to Medium Light	Huye	Strawberries,Cream,Citronáda	Filter	Natural	Red Bourbon	Aeropress,Chemex,Clever dripper,French Press,Hario V60,Vacuum Pot	Rwanda			18,99
Ethiopia BOMBE - espresso	Father's Coffee Roastery	Medium to medium dark	Sidamo	Apricots,Black tea,Jasmine,Gingerbread,Bergamot	Espresso	Washed	Heirloom	Espresso,Moka pot	Ethiopia	4.0	100%	16,99
Rwanda HORIZON - washed	Father's Coffee Roastery	Light to Medium Light	Kigoma	Pineapple,Tangerines,Vanilla	Filter	Washed	Red Bourbon	Aeropress,Chemex,Clever dripper,French Press,Hario V60,Vacuum Pot	Rwanda			16,99
MOTHER-SHIP BLEND - 1000g	Father's Coffee Roastery	Medium to medium dark	Cuzco	Milk chocolate,Flowers	Espresso		Caturra,Heirloom,Bourbon	Espresso,Moka pot	Peru,Ethiopia	4.0	50%	37,99
Peru LUZ MARINA WASHED	Father's Coffee Roastery	Light to Medium Light	Chirinos	Hibiscus,Green apple,Lískooříškový krém	Filter	Washed	Catuai,Pache,Cajarmarca	Aeropress,Chemex,Clever dripper,French Press,Hario V60,Vacuum Pot	Peru			15,99
Ethiopia ARBEGONA	Father's Coffee Roastery	Light to Medium Light		Lemon peel,Cuba Libre,Chamomile	Filter	Natural	Heirloom	Aeropress,Chemex,Clever dripper,French Press,Hario V60,Vacuum Pot	Ethiopia			18,99
Ethiopia BESHASHA	Father's Coffee Roastery	Light to Medium Light	Jimma - Oromia	Peach,Black tea,Lemons	Filter	Washed	Heirloom	Aeropress,Chemex,Clever dripper,French Press,Hario V60,Vacuum Pot	Ethiopia			17,99
Colombia CAUCA - decaffeinated	Father's Coffee Roastery	Light to Medium Light	Cauca	Lime,Tangerines,Almonds in sugar	Filter	Washed	A mixture of varieties	Aeropress,Chemex,Clever dripper,French Press,Hario V60,Vacuum Pot	Colombia			18,99
MOTHER-SHIP BLEND	Father's Coffee Roastery	Medium to medium dark	Etiopie- Chelchelie	Milk chocolate,Flowers	Espresso	Washed	Caturra,Bourbon	Espresso,Moka pot	Peru,Ethiopia	4.0	50%	13,99
Brazil CAFEINA	Father's Coffee Roastery	Medium to medium dark	Sul de Minas	Sweet tobacco,Hazelnut butter	Espresso	Natural	Mundo Novo,Yellow Catuai	Espresso,Moka pot	Brazil	2.9	50%	11,99
Brazil CAFEINA - 1000g	Father's Coffee Roastery	Medium to medium dark	Sul de Minas	Hazelnut butter,Sweet tobacco	Espresso	Natural	Mundo Novo,Yellow Catuai	Moka pot,Espresso	Brazil	2.9	50%	34,99
Ethiopia BOMB	Father's Coffee Roastery	Light to Medium Light	Sidamo	Bergamot,Black tea,Jasmine,Gingerbread,Apricots	Filter	Washed	Heirloom	Aeropress,Chemex,Clever dripper,French Press,Hario V60,Vacuum Pot	Ethiopia	4.5	100%	16,99
Ethiopia BOMBE - nespresso capsules 10pcs/pack	Father's Coffee Roastery		Sidamo	Black tea,Jasmine,Gingerbread,Bergamot		Washed	Heirloom		Ethiopia	4.5	100%	8,49
Brazil CAFEINA - nespresso capsules 10pcs/pack	Father's Coffee Roastery		Carmo da Cachoeira	Nuts,Chocolate,Marzipan		Natural			Brazil	2.9	50%	7,99
Ethiopia HALO BERITI - natural	Industra Coffee	Light to Medium Light	Yirgacheffe	Peach,Figs,Strawberries	Filter	Natural	Heirloom	Aeropress,Chemex,Clever dripper,French Press,Hario V60,Vacuum Pot	Ethiopia			16,99
Bolivia RENE MAMANI	Industra Coffee	Light to Medium Light	La Paz	Cranberries,Hluchavka,Honey	Filter	Anaerobic	Catuai,Caturra	Aeropress,Chemex,Clever dripper,French Press,Hario V60,Vacuum Pot	Bolivia			14,99
Mexico SAN AGUSTIN LOXICHA	Industra Coffee	Medium to medium dark	Oaxaca	Almond,Dark chocolate,Cherries	Espresso	Washed	Pluma Hidalgo	Espresso,Moka pot	Mexico			13,99
AUTOMATIC ESPRESSO blend	Industra Coffee	Medium to medium dark	Serra Negra	Hazelnuts,Dark chocolate,Candied orange	Espresso	Natural		Espresso,Moka pot	Brazil	4.5	100%	37,99
Mexico XOCHILTEPEC	Industra Coffee	Light to Medium Light	Oaxaca	Pineapple,Black tea,Panela	Filter	Washed	Typical	Aeropress,Chemex,Clever dripper,French Press,Hario V60,Vacuum Pot	Mexico			14,99
Guatemala ASPROCDEGUA	Industra Coffee	Medium to medium dark	Huehuetenango	Caramel,Blackberry,Pecans	Espresso	Washed	Caturra,Catimor,Bourbon,Pache,Maragogype	Espresso,Moka pot	Guatemala	5.0	100%	14,99
Indonesia FRINSA SARAPAN	The Barn	Light to Medium Light	West Java	Plums,Chocolate mousse,Oolong	Filter	Washed		Aeropress,Chemex,Clever dripper,French Press,Hario V60,Vacuum Pot	Indonesia			16,99
Indonesia RADIOPHARE	The Barn	Light to Medium Light	West Java	Passionflower,Raisins,Cinnamon,Plums,Demerara sugar	Filter	Natural	Catimor,Line S,Typical	Aeropress,Chemex,Clever dripper,French Press,Hario V60,Vacuum Pot	Indonesia	4.7	100%	16,99
Rwanda MAHEMBE	The Barn	Light to Medium Light	Western Province	Cocoa,Nutmeg,Cherries	Filter	Washed	Red Bourbon	Aeropress,Chemex,Clever dripper,French Press,Hario V60,Vacuum Pot	Rwanda	4.7	100%	14,99
Brazílie DATTERA RESERVE 	The Barn	Omni	Cerrado	Nougat,Cherry jam	Omni (recommended for both Filter & Espresso Coffee)	Natural	Aramosa	Aeropress,Chemex,Clever dripper,French Press,Hario V60,Vacuum Pot,Espresso,Moka pot	Brazil	4.6	100%	16,99
Peru AROMAS DEL VALLE	The Barn	Medium to medium dark	Cajamarca	Tangerines,Cookies	Espresso	Washed	Catuai,Caturra	Moka pot,Espresso	Peru	3.5	100%	15,99
Colombia EL OBRAJE - gesha	The Barn	Light to Medium Light	Nariňo	Jasmine,Passion fruit	Filter	Natural	Geisha (Gesha)	Aeropress,Chemex,Clever dripper,French Press,Hario V60,Vacuum Pot	Colombia			37,99
Burundi BUMBA HILL	The Barn	Omni	Kayanza	Tangerines,Roses	Omni (recommended for both Filter & Espresso Coffee)	Washed	Bourbon	Aeropress,Chemex,Clever dripper,French Press,Hario V60,Moka pot,Vacuum Pot,Espresso	Burundi			15,99
Guatemala INSTANT BAGS 6pcs/pack	The Barn		Huehuetenango	Malt,Blood orange					Guatemala			17,99
Brazil MOCOCA - capsules 10pcs/bal	The Barn		Mococa	Caramel,Vanilla					Brazil	5.0	100%	8,49
EASTER FILTER blend - Easter limited edition	Square Mile	Light to Medium Light	Kirinyaga	Apple blossom,Cherry pie	Filter	Washed	Caturra	Aeropress,Chemex,Clever dripper,French Press,Hario V60,Vacuum Pot	Kenya,Peru			19,99
THE FILTER BLEND	Square Mile	Light to Medium Light	Lempira	Nougat,Plums,Raisins	Filter	Washed	A mixture of varieties	Aeropress,Chemex,Clever dripper,French Press,Hario V60,Vacuum Pot	Peru,Honduras			17,99
Kenya UVUU	Square Mile	Light to Medium Light	Makueni	Gooseberry,Bergamot,Baked apples	Filter	Washed	Batian,Sl34,SL28	Aeropress,Chemex,Clever dripper,French Press,Hario V60,Vacuum Pot	Kenya			22,99
Ethiopia TELILA HONEY YUKRO	Square Mile	Light to Medium Light	Jimma	White peach,Apricots	Filter	Honey	JARC 74110,JARC 74112	Aeropress,Chemex,Clever dripper,French Press,Hario V60,Vacuum Pot	Ethiopia	5.0	100%	18,99
EASTER ESPRESSO blend - Easter limited edition	Square Mile	Medium to medium dark	Kirinyaga	Chocolate,Cherries	Espresso	Washed	Caturra	Moka pot,Espresso	Kenya,Peru	1.5	0%	19,99
Brazil THE FILTER DECAF - decaffeinated	Square Mile	Light to Medium Light	Cerrado	Black cherries,Chocolate,Caramel	Filter		Catuai,Mundo Novo	Aeropress,Chemex,Clever dripper,French Press,Hario V60,Vacuum Pot	Brazil			18,99
Peru LA BERMEJA	Square Mile	Medium to medium dark	Cajamarca	Cranberries,Caramel,Almond	Espresso	Washed	Catimor,Catuai,Pache	Moka pot,Espresso	Peru			17,99
Ethiopia CHALCHISSA	Square Mile	Medium to medium dark	Jimma	Strawberries,Caramel,Cherries	Espresso	Washed	JARC,JARC 74110	Moka pot,Espresso	Ethiopia			18,99
RED BRICK ESPRESSO blend	Square Mile	Medium to medium dark	Sul de Minas	Chocolate,Fudge,Almond,Orange	Espresso		A mixture of varieties	Moka pot,Espresso	Brazil,Colombia			18,99
SWEETSHOP ESPRESSO blend - 2022 - 1000g	Square Mile	Medium to medium dark	Jimma	Berries,Peach,Marshmallow,Apricots	Espresso		Heirloom	Moka pot,Espresso	Ethiopia	3.0	100%	59,99
China AQI BADU	Square Mile	Light to Medium Light	Yunnan	Honey,Prunes,Cocoa nibs	Filter	Natural	Catimor	Aeropress,Chemex,Clever dripper,French Press,Hario V60,Vacuum Pot	China			22,99
Ethiopia TELILA HONEY GENJI CHALLA - espresso	Square Mile	Medium to medium dark	Jimma	Tangerines,Nectarines,Syrup	Espresso	Honey	74110,74112	Moka pot,Espresso	Ethiopia			18,99
Ethiopia KOKEB SIWANI	Gardelli Coffee	Omni	Yirgacheffe	Orange,Strawberries,Blueberries,Papaya,Lime	Omni (recommended for both Filter & Espresso Coffee)	Natural	Heirloom	Aeropress,Chemex,Clever dripper,French Press,Hario V60,Vacuum Pot,Espresso,Moka pot	Ethiopia	5.0	100%	19,99
EL MANGO pen	Gardelli Coffee	Omni	Cajamarca	Almond,Honey,Apple,Lemonade	Omni (recommended for both Filter & Espresso Coffee)	Washed	Catuai,Pache	Aeropress,Chemex,Clever dripper,French Press,Hario V60,Vacuum Pot,Espresso,Moka pot	Peru			15,99
Ethiopia URAGA	Gardelli Coffee	Omni	Uraga	Orange,Strawberries,Mango,Papaya	Omni (recommended for both Filter & Espresso Coffee)	Anaerobic	Heirloom	Aeropress,Chemex,Clever dripper,French Press,Hario V60,Vacuum Pot,Espresso,Moka pot	Ethiopia	4.3	100%	19,99
CIGNOBIANCO® SIGNATURE BLEND	Gardelli Coffee	Medium to medium dark	Santa Rosa	Caramel,Milk chocolate,Plums,Almond	Espresso		Caturra,Heirloom	Espresso,Moka pot	Guatemala,Ethiopia	4.1	80%	13,99
Ethiopia WUBANCHI	Gardelli Coffee	Omni	Guji	Roses,Orange,Pear,Raspberries,Elderflower	Omni (recommended for both Filter & Espresso Coffee)	Experimental	Heirloom	Aeropress,Chemex,Clever dripper,French Press,Hario V60,Vacuum Pot,Espresso,Moka pot	Ethiopia	5.0	100%	19,99
Brazil FAZENDA BAIOKA	Gardelli Coffee	Omni	Cerrado Mineiro	Chocolate,Cherries,Grapes,Yellow plums	Omni (recommended for both Filter & Espresso Coffee)	Natural	Mundo Novo	Aeropress,Chemex,Clever dripper,French Press,Hario V60,Vacuum Pot,Espresso,Moka pot	Brazil			15,99
Indonesia BLUE BATAK	Gardelli Coffee	Omni	Sumatra	Cranberries,Grapefruit,Honey,Maple syrup,Malt,Herbs	Omni (recommended for both Filter & Espresso Coffee)	Washed	Typical,Catimor	Aeropress,Chemex,Clever dripper,French Press,Hario V60,Vacuum Pot,Espresso,Moka pot	Indonesia			16,99
Kenya THIRIKU AB	Gardelli Coffee	Omni	Nyeri	Grapefruit,Plums,Black currant,Lime	Omni (recommended for both Filter & Espresso Coffee)	Washed	SL28	Aeropress,Chemex,Clever dripper,French Press,Hario V60,Vacuum Pot,Espresso,Moka pot	Kenya			17,99
Kenya KIGWANDI AB	Gardelli Coffee	Omni	Nyeri	Grapefruit,Lemons,Tomatoes,Mulberry	Omni (recommended for both Filter & Espresso Coffee)	Washed	SL28,SL34	Aeropress,Chemex,Clever dripper,French Press,Hario V60,Vacuum Pot,Espresso,Moka pot	Kenya			17,99
Colombia VILLAMARIA - decaffeinated	Gardelli Coffee	Omni	Caldas	Guava,Brown sugar,Cocoa,Honey	Omni (recommended for both Filter & Espresso Coffee)	Natural	Castillo,Colombia	Aeropress,Chemex,Clever dripper,French Press,Hario V60,Moka pot,Vacuum Pot,Espresso	Colombia	4.3	100%	16,99
Brazilia FAZENDA TAQUARAL nespresso capsules 10pcs/pack	Diamond's Roastery		Campo das Vertentes	Cocoa,Chocolate,Walnuts		Natural			Brazil			11,99
Ethiopia GENJI CHALLA	Beansmith.s	Light to Medium Light	Jimma	Strawberries,Špendlík,Yuzu,Green tea	Filter	Washed	Heirloom	Aeropress,Chemex,Clever dripper,French Press,Hario V60,Vacuum Pot	Ethiopia			13,99
Brazil DIAMOND - 1000g	Beansmith.s	Medium to medium dark	Minas Gerais	Hazelnuts,Milk chocolate	Espresso	Natural	Bourbon,Catuai,Mundo Novo	Moka pot,Espresso	Brazil	3.8	75%	34,99
Kenya KAHUNYO AA	Beansmith.s	Light to Medium Light	Murang’a	Black tea,Redcurrant,Apricots	Filter	Washed	Ruiru 11,SL28,SL34	Aeropress,Chemex,Clever dripper,French Press,Hario V60,Vacuum Pot	Kenya			14,99
By PEDRO GARCIA	Beansmith.s	Light to Medium Light	San Francisco	Cola,Caramel,Orange	Filter	Washed	Bourbon,Pache	Aeropress,Chemex,Clever dripper,French Press,Hario V60,Vacuum Pot	Peru			13,99
Ethiopia ODACO	Beansmith.s	Light to Medium Light	Sidama	Cranberries,Peach,Apple,Oolong	Filter	Natural	Heirloom	Aeropress,Chemex,Clever dripper,French Press,Hario V60,Vacuum Pot	Ethiopia			14,99
Brazil DIAMOND	Beansmith.s	Medium to medium dark	Minas Gerais	Milk chocolate,Hazelnuts	Espresso	Natural	A mixture of varieties	Espresso,Moka pot	Brazil	3.8	75%	9,99
Costa Rica SONORA - cascara	Beansmith.s		Poas volcano	Honey,Rooibos		Natural	Caturra		Costa Rica			11,99
Brazil DIAMOND - nespresso capsules 20 pcs/pack	Beansmith.s		Minas Gerais	Hazelnuts,Milk chocolate		Natural	Bourbon,Catuai,Mundo Novo		Brazil	3.8	75%	13,99
Rwanda KARAMBI	Beansmith.s	Medium to medium dark	Western Province	Caramel,Blackberry,Fruit candies	Espresso	Washed	Bourbon	Moka pot,Espresso	Rwanda			13,99
Ethiopia CHELBESA	Beansmith.s	Medium to medium dark	Yirgacheffe	Raspberries,Milk chocolate,Green tea	Espresso	Natural	Heirloom	Moka pot,Espresso	Ethiopia			13,99
Ethiopia COMMON GROUNDS - maturing in whiskey barrels	Dark Woods Coffee	Omni	Yirgacheffe	Milk chocolate,Dried fruit,Vanilla	Omni (recommended for both Filter & Espresso Coffee)	Washed	Heirloom	Aeropress,Chemex,Clever dripper,French Press,Hario V60,Moka pot,Vacuum Pot,Espresso	Ethiopia	4.8	97%	17,99
Ethiopia COMMON GROUNDS - sample	Dark Woods Coffee	Omni	Yirgacheffe	Milk chocolate,Dried fruit,Vanilla	Omni (recommended for both Filter & Espresso Coffee)	Washed	Heirloom	Aeropress,Chemex,Clever dripper,French Press,Hario V60,Vacuum Pot,Espresso,Moka pot	Ethiopia	4.8	97%	5,49
Ethiopia CHELCHELE	Main Lane Coffee Roasters	Light to Medium Light	Yirgacheffe	Raspberries,Blackberry,Green tea	Filter	Washed	Heirloom	Aeropress,Chemex,Clever dripper,French Press,Hario V60,Vacuum Pot	Ethiopia	5.0	100%	18,99
Colombia NESTOR LASSO	Kmen Coffee Roasters	Light to Medium Light	Huila	Black tea,Orange,Cherry tomatoes	Filter	Anaerobic	Pink Bourbon	Aeropress,Chemex,Clever dripper,French Press,Hario V60,Vacuum Pot	Colombia			16,99
Nicaragua FINCA AURORA - espresso	Kmen Coffee Roasters	Medium to medium dark	Matagalpa	Apple,Nectarines,Dark chocolate	Espresso	Natural	Parainema	Moka pot,Espresso	Nicaragua			14,99
Colombia ANA GLORIA RODRIGUEZ	Kmen Coffee Roasters	Medium to medium dark	Huila	Cranberries,Lemon grass,Chocolate bar with raisins	Espresso	Washed	Caturra,Colombia	Moka pot,Espresso	Colombia			16,99
Costa Rica HACIENDA SONORA - cascara	Kmen Coffee Roasters		Grecia	Hibiscus,Rooibos,Hip		Natural	Catuai,Caturra,Marsellesa,SL28		Costa Rica			12,99
Columbia SYRACUSE	Kmen Coffee Roasters	Light to Medium Light	Caldas	Dark Bitter chocolate,Papaya,Rum	Filter	Anaerobic	Castillo	Aeropress,Chemex,Clever dripper,French Press,Hario V60,Vacuum Pot	Colombia			16,99
Brazil BELA VISTA	Mima coffee roastery	Omni	Minas Gerais	Chocolate,Grapefruit,Caramel	Omni (recommended for both Filter & Espresso Coffee)	Anaerobic	Red Catuai	Aeropress,Chemex,Clever dripper,French Press,Hario V60,Moka pot,Vacuum Pot,Espresso	Brazil			
Ethiopia WORKA	Mima coffee roastery	Omni	Yirgacheffe	Cocoa,Cream,Tropical fruit	Omni (recommended for both Filter & Espresso Coffee)	Natural	Heirloom	Aeropress,Chemex,Clever dripper,French Press,Hario V60,Moka pot,Vacuum Pot,Espresso	Ethiopia	5.0	100%	
Mexico GILDO	Mima coffee roastery	Omni	Mixteca	Pineapple,Black tea,Nuts	Omni (recommended for both Filter & Espresso Coffee)	Washed	Bourbon,Typical	Aeropress,Chemex,Clever dripper,French Press,Hario V60,Moka pot,Vacuum Pot,Espresso	Mexico	5.0	100%	
MIMA ESPRESSO blend	Mima coffee roastery	Medium to medium dark	Matas de Minas	Chocolate,Nuts	Espresso	Natural	A mixture of varieties	Espresso,Moka pot	Brazil			
Rwanda RUGALI ANAEROBIC	Mima coffee roastery	Omni	Nyamasheke	Elderberries,Strawberries,Nugátu	Omni (recommended for both Filter & Espresso Coffee)	Natural	Red Bourbon	Aeropress,Chemex,Clever dripper,French Press,Hario V60,Moka pot,Vacuum Pot,Espresso	Rwanda	5.0	100%	
Honduras EL TONTOLO	Mima coffee roastery	Omni	San Marcos	Honey,Nuts,Pear	Omni (recommended for both Filter & Espresso Coffee)	Anaerobic	Parainema	Aeropress,Chemex,Clever dripper,French Press,Hario V60,Vacuum Pot,Espresso,Moka pot	Honduras			
MIMA ESPRESSO blend - 1000g	Mima coffee roastery	Medium to medium dark	Mate de Minas	Chocolate,Nuts	Espresso	Natural	A mixture of varieties	Espresso,Moka pot	Brazil			
Kenya MURARANDIA - Valentine's limited edition	Mima coffee roastery	Omni	Muranga	Green apple,Grapefruit,Nutmeg	Omni (recommended for both Filter & Espresso Coffee)	Washed	Ruiru 11,SL28,SL34	Aeropress,Chemex,Clever dripper,French Press,Hario V60,Moka pot,Vacuum Pot,Espresso	Kenya			
Kenya KABETE	Mima coffee roastery	Light to Medium Light	Kiambu	Blueberries,Red wine,Strawberries	Filter	Washed	Ruiru 11,SL28,SL34	Aeropress,Chemex,Clever dripper,French Press,Hario V60,Vacuum Pot	Kenya			
Colombia CÉSAR - pink bourbon	Mima coffee roastery	Light to Medium Light	Huila	Blueberries,Black tea,Rhubarb	Filter	Washed	Pink Bourbon	Aeropress,Chemex,Clever dripper,French Press,Hario V60,Vacuum Pot	Colombia			
Panama AUROMAR	Nordbeans	Light to Medium Light	Chiriqui	Caramel,Red apple,Green tea	Filter	Natural	Catuai	Aeropress,Chemex,Clever dripper,French Press,Hario V60,Vacuum Pot	Panama	4.5	67%	13,99
Brazil HORIZONT	Nordbeans	Medium to medium dark	Minas Gerais	Chocolate,Hazelnuts,Ripe fruit	Espresso	Natural	Yellow Catuai	Espresso,Moka pot	Brazil	3.5	50%	11,99
Ethiopia HAPPY BIRTHDAY KOFIO - espresso	Good Beans	Medium to medium dark	Sidama	Berry fruits,Chocolate,Tropical fruit	Espresso	Washed	Heirloom	Moka pot,Espresso	Ethiopia			16,99
Nicaragua NUEVA SEGOVIA	Good Beans	Omni	Nueva Segovia	Caramel,Milk chocolate,Black currant	Omni (recommended for both Filter & Espresso Coffee)	Washed	Caturra,Java,Pacas	Aeropress,Chemex,Clever dripper,French Press,Hario V60,Vacuum Pot,Espresso,Moka pot	Nicaragua			16,99
Uganda MOUNT ELGON	Good Beans	Light to Medium Light	Mount Elgon	Fruit,Tropical fruit,Chewing gums	Filter	Natural		Aeropress,Chemex,Clever dripper,French Press,Hario V60,Vacuum Pot	Uganda			17,99
Ethiopia HAPPY BIRTHDAY KOFIO - filter	Good Beans	Light to Medium Light	Sidama	Berry fruits,Chocolate,Tropical fruit	Filter	Washed	Heirloom	Aeropress,Chemex,Clever dripper,French Press,Hario V60,Vacuum Pot	Ethiopia	5.0	100%	16,99
Peru CHIRINOS	Good Beans	Omni	Chirinos	Honey,Chocolate	Omni (recommended for both Filter & Espresso Coffee)	Washed	Caturra,Typical,Pache	Aeropress,Chemex,Clever dripper,French Press,Hario V60,Vacuum Pot,Espresso,Moka pot	Peru	3.0	0%	16,99
Rwanda GAKENKE	Good Beans	Medium to medium dark	Gakenke	Candied orange,Stone fruit	Espresso	Washed	Bourbon	Moka pot,Espresso	Rwanda	3.8	33%	16,99
Ethiopia SAYISA - anaerobic	Concept Coffee Roasters	Light to Medium Light	Hambella	Blueberries,Gummy bears,Coke	Filter	Anaerobic	Dega	Aeropress,Chemex,Clever dripper,French Press,Hario V60,Vacuum Pot	Ethiopia	4.4	99%	16,99
PEACE OF CAKE ESPRESSO blend	Concept Coffee Roasters	Medium to medium dark	Caldas	Berries,Chocolate,Almond	Espresso	Natural	Castillo	Moka pot,Espresso	Brazil,Colombia			34,99
Rwanda GASHARU INTEGO – anaerobic	Concept Coffee Roasters	Light to Medium Light	Nyamasheke	Blueberries,Kakaové lupínky,Kiwi	Filter	Experimental	Red Bourbon	Aeropress,Chemex,Clever dripper,French Press,Hario V60,Vacuum Pot	Rwanda			17,99
Rwanda GASHARU INTEGO - natural	Concept Coffee Roasters	Light to Medium Light	Nyamasheke	Strawberries,Milk chocolate,Stone fruit	Filter	Natural	Red Bourbon	Aeropress,Chemex,Clever dripper,French Press,Hario V60,Vacuum Pot	Rwanda			16,99
Costa Rica LAS LAJAS	Concept Coffee Roasters	Light to Medium Light	Sabanilla de Alajuela	Pineapple,Nectarines,Sparkling wine	Filter	Natural	SL28	Aeropress,Chemex,Clever dripper,French Press,Hario V60,Vacuum Pot	Costa Rica			18,99
Colombia EL VERGEL	Concept Coffee Roasters	Light to Medium Light	Tolima	Banana,Chocolate,Strawberries	Filter	Anaerobic	Red Caturra,Yellow Caturra	Aeropress,Chemex,Clever dripper,French Press,Hario V60,Vacuum Pot	Colombia			17,99
Kenya KEGWA	Concept Coffee Roasters	Light to Medium Light	Kirinyaga	Currant,Nectarines,Citrus	Filter	Washed	SL28,SL34	Aeropress,Chemex,Clever dripper,French Press,Hario V60,Vacuum Pot	Kenya			17,99
Panama DAMARLI ESTATE	Concept Coffee Roasters	Medium to medium dark	Boquete	Nougat,Apple,Black currant	Espresso	Natural	Bourbon	Espresso,Moka pot	Panama			16,99
Peru LAS PINAS - espresso	Concept Coffee Roasters	Medium to medium dark	Huabal	Chocolate,Blackberry,Lime	Espresso	Natural	Catuai,Pache,Catura	Espresso,Moka pot	Peru			16,99
Ethiopia HALO BERITI - Easter barrel special	Concept Coffee Roasters	Medium to medium dark	Gedeb	Ananasový řez,Chocolate,Eggnog	Espresso	Natural	Heirloom	Moka pot,Espresso	Ethiopia			18,99
Costa Rica MONTERO FAMILY	Morgon Coffee Roasters	Light to Medium Light	Tarazzu	Chocolate cookies,Plums	Filter	Honey	Catuai	Aeropress,Chemex,Clever dripper,French Press,Hario V60,Vacuum Pot	Costa Rica			17,99
Costa Rica MONTERO FAMILY - espresso	Morgon Coffee Roasters	Medium to medium dark	Tarazzu	Peach,Chocolate,Coconut	Espresso	Honey	Catuai	Espresso,Moka pot	Costa Rica			17,99
Kenya GAKUYUINI	Morgon Coffee Roasters	Light to Medium Light	Kirinyaga	Blackberry,Jam,Gooseberry	Filter	Washed	SL28,SL34,K7	Aeropress,Chemex,Clever dripper,French Press,Hario V60,Vacuum Pot	Kenya	4.4	99%	17,99
Colombia DECAF - nespresso capsules 15pcs/pack	19grams coffee		Huila	Chocolate,Hazelnuts,Passionflower		Washed	Bourbon,Castillo,Caturra,Colombia		Colombia			13,99
Colombia LA SERRANIA - decaffeinated - capsules 10pcs/bal	3FE		Huila	Dark Bitter chocolate,Lime jam		Washed	Caturra		Colombia			11,99
Ethiopia IDIDO	BeBerry Coffee	Light to Medium Light	Yirgacheffe	Orange flower,Bergamot,Ice tea,White peach	Filter	Washed	Heirloom	Aeropress,Chemex,Clever dripper,French Press,Hario V60,Vacuum Pot	Ethiopia	4.6	92%	16,99
El Salvador MAURICIO SALAVERRIA - natural	BeBerry Coffee	Medium to medium dark	Apaneca	Cherry compote,Walnuts,Mléčná tyčinka MilkyWay	Espresso	Natural	Red Bourbon	Espresso,Moka pot	El Salvador			14,99
Honduras LA FLORIDA	BeBerry Coffee	Medium to medium dark	El Paraiso	Milk chocolate,Cashew,Dried cranberries	Espresso	Natural	Yellow Catuai	Espresso,Moka pot	Honduras			13,99
Uganda ZEBIGI	BirdSong Coffee	Light to Medium Light	Elgon	Black tea,Pomelo,Ovesné sušenky	Filter	Washed	SL28,SL14,Nyasaland	Aeropress,Chemex,Clever dripper,French Press,Hario V60,Vacuum Pot	Uganda			13,99
MARKET PODS - nespresso capsules 10pcs/pack	Caravan Coffee Roasters		Ocotepeque	Milk chocolate,Honey,Red apple		Washed			Ethiopia,Honduras			12,99
DAILY PODS – nespresso capsules 10pcs/pack - caffeine-free	Caravan Coffee Roasters			Maple syrup,Chocolate brownie,Poached pear								11,99
Kenya AFTERLIFE - cascara in capsules 60pcs/pack	Coffea Circulor		Meru	Citrus,Mango			Batian		Kenya			27,99
Kenya RUBY BATIAN NX	Coffea Circulor	Light to Medium Light	Meru	Blueberries,Apple,Mango,Yellow plums	Filter	Natural	Batian	Aeropress,Chemex,Clever dripper,French Press,Hario V60,Vacuum Pot	Kenya	5.0	100%	19,99
Ethiopia DUROMINA WX	Coffea Circulor	Light to Medium Light	Jimma	Apricots,Orange,Blackberry	Filter	Washed	Heirloom	Aeropress,Chemex,Clever dripper,French Press,Hario V60,Vacuum Pot	Ethiopia	4.0	100%	17,99
Ethiopia CHACHO NX	Coffea Circulor	Light to Medium Light	Gedeb	Apricots,Raspberries,Moruška	Filter	Natural	Heirloom	Aeropress,Chemex,Clever dripper,French Press,Hario V60,Vacuum Pot	Ethiopia			19,99
Kenya OUTO SL34 AA WX	Coffea Circulor	Light to Medium Light	Meru	Peach,Lime,Honey,Nutmeg,Rhubarb	Filter	Washed	SL34	Aeropress,Chemex,Clever dripper,French Press,Hario V60,Vacuum Pot	Kenya			19,99
Panama AGATSBY GEISHA CCX - WCIGS Winner	Coffea Circulor	Light to Medium Light	Callejón Seco	Peach,Pear,Lychee,Prosecco,Roses,Tropical fruit	Filter	Experimental	Geisha (Gesha)	Aeropress,Chemex,Clever dripper,French Press,Hario V60,Vacuum Pot	Panama	5.0	100%	19,99
Kenya BISHOP R11 AA WHDX	Coffea Circulor	Light to Medium Light	Meru	Strawberries,Honey,Rhubarb,Vanilla	Filter	Experimental	Ruiru 11	Aeropress,Chemex,Clever dripper,French Press,Hario V60,Vacuum Pot	Kenya			18,99
Ecuador INDERA GEISHA NX	Coffea Circulor	Light to Medium Light	Chaguerpamba	Blueberries,Peach,Jasmine,Roses	Filter	Natural	Geisha (Gesha)	Aeropress,Chemex,Clever dripper,French Press,Hario V60,Vacuum Pot	Ecuador			19,99
Parami, Timor Leste - Filter / 250g	Colonna Coffee	Light to Medium Light	Ermera	Raspberries,White grapes,Star Anise	Filter	Honey		Aeropress,Chemex,Clever dripper,French Press,Hario V60,Vacuum Pot	East Timor			
Uraga Gomoro Natural, Ethiopia - Filter / 250g	Colonna Coffee	Light to Medium Light	Oromia	White chocolate,Lemons,Raspberries,Candied fruit	Filter	Natural		Aeropress,Chemex,Clever dripper,French Press,Hario V60,Vacuum Pot	Ethiopia			
Honduras FRANCIS ARTURO ROMERO	Colonna Coffee	Light to Medium Light	Copan	Strawberries,Almond,Nougat	Filter	Natural		Aeropress,Chemex,Clever dripper,French Press,Hario V60,Vacuum Pot	Honduras			
Nikaragua JESUS MOUNTAIN MARSELLESA	Colonna Coffee	Light to Medium Light	Nueva Segovia	White chocolate,Hazelnuts,Watermelon	Filter	Washed		Aeropress,Chemex,Clever dripper,French Press,Hario V60,Vacuum Pot	Nicaragua	0.0	0%	
Kolumbie LA INDEPENDENCIA - short	Colonna Coffee		Cauca	Cherries,Green apple		Washed			Colombia			
Peru CAJAMARCA CHIRINOS - long	Colonna Coffee		Cajamarca	Grapes,Pear,Almond		Washed			Peru			
Kostarika INES SARCHIMOR - short	Colonna Coffee		San Isidro	Banana,Red fruits,Raspberries,Nuts		Natural			Costa Rica			
Etiopie KOCHERE BOJI - long	Colonna Coffee		Kochere	Tea,Cream body,Raspberries		Washed			Ethiopia			
Ibrahim Hussein, Ethiopia Filter	Colonna Coffee	Light to Medium Light	Oromia	Gooseberry,Cashew,Pudding	Filter	Washed		Aeropress,Chemex,Clever dripper,French Press,Hario V60,Vacuum Pot	Ethiopia	0.0	0%	
El Diamante, Peru	Colonna Coffee	Light to Medium Light	Cajamarca	Pear,Caramel,Ginger	Filter	Washed		Aeropress,Chemex,Clever dripper,French Press,Hario V60,Vacuum Pot	Peru	0.0	0%	
Aquiares Estate PB, Costa Rica	Colonna Coffee	Light to Medium Light	Turrialba	Cocoa,Kiwi,Nectarines	Filter	Washed		Aeropress,Chemex,Clever dripper,French Press,Hario V60,Vacuum Pot	Costa Rica	0.0	0%	
Kerinci, Sumatra	Colonna Coffee	Light to Medium Light	Sumatra	Star Anise,Red orange,Plums	Filter	Washed		Aeropress,Chemex,Clever dripper,French Press,Hario V60,Vacuum Pot	Indonesia			
Kiluku, DRC	Colonna Coffee	Light to Medium Light	Kivu	Muscovado sugar,Chamomile,Dried apricots	Filter	Washed		Aeropress,Chemex,Clever dripper,French Press,Hario V60,Vacuum Pot	DR Congo			
Foundation Capsules (Box of 10) - short	Colonna Coffee	Medium to medium dark	Huehuetenango	Caramel,Baked apples,Orange	Espresso	Washed		Moka pot,Espresso	Guatemala			
Foundation Capsules (Box of 10) - long	Colonna Coffee	Medium to medium dark	Oromia	Almond,Honey,Bergamot	Espresso	Washed		Moka pot,Espresso	Ethiopia			
Discovery Capsules (Box of 10) - short	Colonna Coffee	Medium to medium dark	Kayanza	Black currant,Cocoa,Hazelnuts	Espresso	Natural		Moka pot,Espresso	Burundi			
Discovery Capsules (Box of 10) - long	Colonna Coffee	Medium to medium dark	Gedeo	Strawberries,Orange,Vanilla	Espresso	Natural		Moka pot,Espresso	Ethiopia			
Etiopie IBRAHIM HUSSEIN - short	Colonna Coffee	Medium to medium dark	Oromia	Caramel,Cashew,Lime	Espresso	Washed		Moka pot,Espresso	Ethiopia			
Peru OSU MICROLOT - long	Colonna Coffee	Medium to medium dark	Cajamarca	Cocoa,Blackberry,Orange	Espresso	Washed		Moka pot,Espresso	Peru			
Burundi RIMIRO - long	Colonna Coffee	Medium to medium dark	Kayanza	Red orange,Clove,Currant	Espresso	Natural		Moka pot,Espresso	Burundi			
Indonésie KERINCI - short	Colonna Coffee	Medium to medium dark	Sumatra	Figs,Grapefruit,Ginger	Espresso	Washed		Moka pot,Espresso	Indonesia			
Colombia GRAN GALOPE - nespresso capsules 10pcs/bal	Colonna Coffee		Cauca	Chocolate,Gingerbread,Sponge cakes		Washed			Colombia			
Colombia FINCA LOS ALPES - nespresso capsules 10pcs/bal	Colonna Coffee		Antioquia	Wine,Sweets		Experimental	Caturra		Colombia			
Colombia FINCA COLORADO H1 - nespresso capsules 10pcs/bal	Colonna Coffee			Flowers,Fruit juice		Natural	H1		Colombia			
Brazil SANTA ALINA - nespresso capsules 10pcs/bal	Colonna Coffee		Sao Sebastiao	Honey,Chocolate		Natural	Caturra,Catimor		Brazil			
Guatemala EL DURAZNO - nespresso capsules 10pcs/bal	Colonna Coffee			Sweetness		Honey			Guatemala			
Colombia EL PLACER - geisha - nespresso capsules 10pcs/bal	Colonna Coffee		Quindìo	Flowers		Anaerobic	Geisha (Gesha)		Colombia	4.0	100%	
Burundi RUBIRIZI - nespresso capsules 10pcs/bal	Colonna Coffee		Burundi - Rubirizi	Spices,Sweetness,Wine		Washed	Bourbon		Burundi			
Colombia El Eden - nespresso capsules 10pcs/bal - decaffeinated	Colonna Coffee		Quindìo	Sweetness,Light acidity					Colombia			
Colombia EL MESÓN - pink bourbon - nespresso capsules 10pcs/bal	Colonna Coffee		Huila	Red fruits,Cream body		Anaerobic	Pink Bourbon		Colombia			
East Timor ATSABE NATURAL - nespresso capsules 10pcs/pack	Colonna Coffee		Ermera	Berries,Peach		Natural	Moka,Timor Hybrid,Typical		East Timor			
Colombia DIEGO SAMUEL - nespresso capsules 10pcs/pack	Colonna Coffee		Tolima	Tropical fruit,Spices,Flowers		Experimental	Caturra		Colombia			
Colombia OBRAJE BOSQUE - nespresso capsules 10pcs/pack	Colonna Coffee		Tangua	Fruit juice,Cherries		Anaerobic	Castillo,Caturra,Yellow Bourbon		Colombia	5.0	100%	
Costa Rica AQUIARES CENTROAMERICANO - nespresso capsules 10pcs/pack	Colonna Coffee		Antioquia	Mojito,Orange lemonade		Anaerobic	Caturra		Costa Rica			
Panama CHILLED CHERRY GESHA - nespresso capsules 10pcs/pack	Colonna Coffee		Boquete	Cherries,Lemons,Cherry liqueur		Experimental	Geisha (Gesha)		Panama	4.0	100%	
Uganda MAHANGO NATURAL	Colonna Coffee	Light to Medium Light	Rwenzori	Watermelon,Strawberries	Filter	Natural		Aeropress,Chemex,Clever dripper,French Press,Hario V60,Vacuum Pot	Uganda			
Burundi BURAMBI	Colonna Coffee	Light to Medium Light	Gitaza	Peach,Red apple,Pear,Lime,Tangerines,Cherries	Filter	Natural	Bourbon	Aeropress,Chemex,Clever dripper,French Press,Hario V60,Vacuum Pot	Burundi			
Brazil RAFAEL VINHAL - birthday coffee	Dos Mundos	Light to Medium Light	Minas Gerais	Flowers,Carambola,Rambutan	Filter	Experimental	Catuaí 144	Aeropress,Chemex,Clever dripper,French Press,Hario V60,Vacuum Pot	Brazil	4.0	100%	15,99
Kenya KEGWA AA	Dos Mundos	Light to Medium Light	Kirinyaga	Blackberry,White grapes,Limetkový cheesecake	Filter	Washed	Batian,SL28,SL34,Ruiru 11	Aeropress,Chemex,Clever dripper,French Press,Hario V60,Vacuum Pot	Kenya	4.5	100%	14,99
Rwanda BWENDA - filter	Dos Mundos	Light to Medium Light	Nyamagabe	Black currant,White chocolate,Wildflowers	Filter	Washed	Red Bourbon	Aeropress,Chemex,Clever dripper,French Press,Hario V60,Vacuum Pot	Rwanda			13,99
KLAKSON COFFEE ESPRESSO blend - 1000g	Dos Mundos	Medium to medium dark		Nougat,Pralines,Dried dates	Espresso		A mixture of varieties	Moka pot,Espresso	Brazil,Ethiopia,Nicaragua			34,99
KLAKSON COFFEE ESPRESSO blend	Dos Mundos	Medium to medium dark		Nougat,Pralines,Dried dates	Espresso		A mixture of varieties	Moka pot,Espresso	Brazil,Ethiopia,Nicaragua			12,99
Colombia MARISOL NAÑEZ	Dos Mundos	Light to Medium Light	Huila	Peach,Lime,Green apple	Filter	Washed	Pink Bourbon	Aeropress,Chemex,Clever dripper,French Press,Hario V60,Vacuum Pot	Colombia	4.5	100%	14,99
KLAKSON COFFEE nespresso capsules - 10 pcs/ pack	Dos Mundos			Cocoa,Marzipan,Plum jam			Bourbon,Yellow Catuai		Brazil,Ethiopia,Peru	3.9	100%	8,49
Colombia BENEDICTO PUENTES	Dos Mundos	Light to Medium Light	Tolima	Baklava,Orange flower,Růžové pomelo	Filter	Experimental	Castillo	Aeropress,Chemex,Clever dripper,French Press,Hario V60,Vacuum Pot	Colombia			13,99
Decaf capsules for nespresso coffee machines - 10pcs/bal - decaffeinated	Doubleshot			Cocoa,Honey,Vanilla		Washed	Caturra		Colombia			7,49
Funky capsules for nespresso coffee machines - 10pcs/bal	Doubleshot		Volcan	Pineapple,Cocoa nibs,Mon Cheri		Natural	Red Catuai		Panama	5.0	100%	8,49
Start capsules for nespresso coffee machines - 10pcs/pack	Doubleshot		Guatemala - Ayarza lake	Caramel,Milk chocolate,Hazelnuts			Catuai,Bourbon		Guatemala,Brazil	5.0	100%	7,49
FIFTY ESPRESSO blend	Fiftybeans	Medium to medium dark	Bálsamo - Quezaltepec	Dark Bitter chocolate,Dutch cocoa,Cocoa nibs	Espresso		Catuai,Castillo	Espresso,Moka pot	Colombia,Brazil	4.8	100%	11,99
BLØND FILTER blend	Fiftybeans	Light to Medium Light	Mixteca	Nougat,Cocoa,Nuts,Citrus	Filter		Catuai,Typical,Bourbon	Aeropress,Chemex,Clever dripper,French Press,Hario V60,Vacuum Pot	Colombia,Mexico	4.3	100%	11,99
FIFTY ESPRESSO blend - 1000g	Fiftybeans	Medium to medium dark	Bálsamo - Quezaltepec	Dark Bitter chocolate,Dutch cocoa,Cocoa nibs	Espresso	Washed	Catuai,Castillo	Espresso,Moka pot	Colombia,Brazil	4.8	100%	34,99
Colombia PURPLE FRUIT	Fiftybeans	Light to Medium Light	Quindìo	Bonpary,Forest fruit,Lilac	Filter	Experimental	Castillo	Aeropress,Chemex,Clever dripper,French Press,Hario V60,Vacuum Pot	Colombia	4.3	89%	17,99
Ethiopia TIGIST KEBEDE	Fiftybeans	Light to Medium Light	Yirgacheffe	Plums,Honey,Peach,Lavender	Filter	Natural	Heirloom	Aeropress,Chemex,Clever dripper,French Press,Hario V60,Vacuum Pot	Ethiopia			15,99
Indonesia WILDAN MUSTOFA	Fiftybeans	Light to Medium Light	Indonésie - Kerinci	Pineapple,Strawberries,Cocoa nibs,Flowers	Filter	Anaerobic	Sigarar Utang	Aeropress,Chemex,Clever dripper,French Press,Hario V60,Vacuum Pot	Indonesia			15,99
Brazil RAFAEL VINHAL	Fiftybeans	Light to Medium Light	Cerrado	Caramel,Lavender,Green tea	Filter	Experimental	Topazio	Aeropress,Chemex,Clever dripper,French Press,Hario V60,Vacuum Pot	Brazil			16,99
Brazil FIFTYPODS - nespresso capsules 10pcs/bal	Fiftybeans		Minas Gerais	Dark Bitter chocolate,Caramel,Cocoa,Black cherries		Natural	Catuai		Brazil			8,49
Indonesia GAYO BENER MERIAH	Friedhats Coffee	Light to Medium Light	Indonésie - Kerinci	Caramel,Flowers,Blackberry,Dried figs	Filter	Anaerobic	Bourbon,Abyssinah	Aeropress,Chemex,Clever dripper,French Press,Hario V60,Vacuum Pot	Indonesia			17,99
Rwanda GASHARU	Friedhats Coffee	Light to Medium Light	Macuba	Orange peel,Candied fruit	Filter	Washed	Bourbon	Aeropress,Chemex,Clever dripper,French Press,Hario V60,Vacuum Pot	Rwanda			17,99
Ethiopia BOMB	Friedhats Coffee	Light to Medium Light	Sidama	Milk chocolate,Strawberries,Tropical fruit	Filter	Natural	74110,Setami,Mikicho	Aeropress,Chemex,Clever dripper,French Press,Hario V60,Vacuum Pot	Ethiopia			17,99
Kenya THIRIKU	Friedhats Coffee	Light to Medium Light	Nyeri	Ripe fruit	Filter	Washed	SL28	Aeropress,Chemex,Clever dripper,French Press,Hario V60,Vacuum Pot	Kenya			17,99
Ethiopia SUKE QUTO	Friedhats Coffee	Light to Medium Light	Guji	Jasmine,Lemons,Elderflower	Filter	Washed	Kurume,Welicho	Aeropress,Chemex,Clever dripper,French Press,Hario V60,Vacuum Pot	Ethiopia			17,99
Ethiopia TEGA&TULA MICHITI NATURAL	Goat Story	Medium to medium dark	Etiopie - Gera	Peach,Chocolate,Cookies,Dried figs	Espresso	Natural	Heirloom	Espresso,Moka pot	Ethiopia			
Uganda MWEZI	Goat Story	Omni	Rwenzori	Strawberries,Cocoa nips,Hazelnuts,Plums	Omni (recommended for both Filter & Espresso Coffee)	Natural		Aeropress,Chemex,Clever dripper,French Press,Hario V60,Moka pot,Vacuum Pot,Espresso	Uganda	0.0	0%	
Peru Finca La Chirimoya	Goat Story	Light to Medium Light	Piura	Flowers,Almond,Cookies,Vanilla,Green tea	Filter	Washed		Aeropress,Chemex,Clever dripper,French Press,Hario V60,Vacuum Pot	Peru	0.0	0%	
Burundi RUBANDA	Goat Story	Light to Medium Light	Mutambu	Black tea,Raspberries,Raisins,Cherries	Filter	Washed		Aeropress,Chemex,Clever dripper,French Press,Hario V60,Vacuum Pot	Burundi	0.0	0%	
Brazil TOUCAN	Goat Story	Medium to medium dark	Cerrado Mineiro	Caramel,Para nuts,Dark chocolate	Espresso	Natural		Moka pot,Espresso	Brazil	0.0	0%	
Ethiopia SUKE QUTO	Goat Story	Omni	Guji	Bergamot,Candies,Grapefruit	Omni (recommended for both Filter & Espresso Coffee)	Washed		Aeropress,Chemex,Clever dripper,French Press,Hario V60,Moka pot,Vacuum Pot,Espresso	Ethiopia	0.0	0%	
Ethiopia AYLA BOMBE	Goat Story	Omni	Sidama	Earl Grey,Strawberries,Hazelnuts,Cookies,Plums	Omni (recommended for both Filter & Espresso Coffee)	Natural	Kurume	Aeropress,Chemex,Clever dripper,French Press,Hario V60,Moka pot,Vacuum Pot,Espresso	Ethiopia			
Nicaragua LOS PLACERES 2021	Goat Story	Omni	Matagalpa	Tangerines,Orange,Plums	Omni (recommended for both Filter & Espresso Coffee)	Natural	Red Bourbon	Aeropress,Chemex,Clever dripper,French Press,Hario V60,Moka pot,Vacuum Pot,Espresso	Nicaragua			
Brazil SUL DE MINAS - peaberry	Goat Story	Medium to medium dark	Sul de Minas	Dark Bitter chocolate,Grapes,Hazelnuts	Espresso	Natural	Catuai	Moka pot,Espresso	Brazil			
Ethiopia AJERE	Goat Story	Omni	Yirgacheffe	Apricots,Honey,Jasmine,Flowers,Lavender	Omni (recommended for both Filter & Espresso Coffee)	Washed	Heirloom	Aeropress,Chemex,Clever dripper,French Press,Hario V60,Vacuum Pot,Espresso,Moka pot	Ethiopia			
Nicaragua LOS PLACERES	Goat Story	Omni	Matagalpa	Tangerines,Plums,Orange	Omni (recommended for both Filter & Espresso Coffee)	Natural	Red Bourbon	Aeropress,Chemex,Clever dripper,French Press,Hario V60,Vacuum Pot,Espresso,Moka pot	Nicaragua			
GOOD VIBRATION ESPRESSO blend	Goat Story	Medium to medium dark	Caparao	Chocolate,Caramel,Vanilla	Espresso	Natural	Bourbon,Catuai	Moka pot,Espresso	Brazil			
WALKING ON SUNSHINE ESPRESSO blend	Goat Story	Medium to medium dark		Caramel,Fruit,Vanilla	Espresso	Natural	Bourbon,Catuai	Moka pot,Espresso	Brazil,Nicaragua			
Rwanda GASHARU IMPANO	Goat Story	Omni	Nyamasheke	Tropical fruit,Cherries,Coconut	Omni (recommended for both Filter & Espresso Coffee)	Anaerobic	Bourbon	Aeropress,Chemex,Clever dripper,French Press,Hario V60,Vacuum Pot,Espresso,Moka pot	Rwanda			
Ethiopia TEGA&TULA GERA WASHED	Goat Story	Light to Medium Light	Etiopie - Gera	Grapefruit,Almond,Jasmine,Black currant,Green tea,Bergamot	Filter	Washed	Heirloom	Aeropress,Chemex,Clever dripper,French Press,Hario V60,Vacuum Pot	Ethiopia			
Costa Rica FINCA LAS NUBES	Goat Story	Omni	Valle del Dota	Caramel,Chocolate,Strawberries,Yoghurt	Omni (recommended for both Filter & Espresso Coffee)	Honey	Caturra	Aeropress,Chemex,Clever dripper,French Press,Hario V60,Vacuum Pot,Espresso,Moka pot	Costa Rica			
Brasil BR-211 (espresso)	Mlsnacava	Medium to medium dark	Mantiqueira de Minas	Caramel,Sugarcane,Citrus,Jatoba	Espresso	Natural		Moka pot,Espresso	Brazil			
Rwanda Gitesi #1 (omni)	Mlsnacava	Omni	Gitesi	Lemon peel,Honey,Blackberry,Vanilla	Omni (recommended for both Filter & Espresso Coffee)	Washed		Aeropress,Chemex,Clever dripper,French Press,Hario V60,Moka pot,Vacuum Pot,Espresso	Rwanda			
Colombia de Santa Maria (omni)	Mlsnacava	Omni	Zapatoca	Plums,Dark chocolate,Cherries,Green apple	Omni (recommended for both Filter & Espresso Coffee)	Honey		Aeropress,Chemex,Clever dripper,French Press,Hario V60,Moka pot,Vacuum Pot,Espresso	Colombia			
Kenya AB Thimu #024 (filtr)	Mlsnacava	Light to Medium Light	Kirinyaga	Berry fruits,Roses	Filter	Washed		Aeropress,Chemex,Clever dripper,French Press,Hario V60,Vacuum Pot	Kenya			
Etiopie SAMI NENSEBO REFISA	Mlsnacava	Light to Medium Light	Arsi	Black tea,Exotic fruit	Filter	Washed		Aeropress,Chemex,Clever dripper,French Press,Hario V60,Vacuum Pot	Ethiopia	0.0	0%	
Rwanda GITWE 96	Mlsnacava	Light to Medium Light	Nyamasheke	Peach,Kiwi,Orange jam,Vanilla	Filter	Washed	Red Bourbon	Aeropress,Chemex,Clever dripper,French Press,Hario V60,Vacuum Pot	Rwanda	4.5	100%	
Tanzania GAIA	Mlsnacava	Light to Medium Light	Ngorongoro	Grapefruit,Caramel,Flowers,Marzipan	Filter	Washed	Batian	Aeropress,Chemex,Clever dripper,French Press,Hario V60,Vacuum Pot	Tanzania			
Ethiopia BIRBISA	Mlsnacava	Light to Medium Light	Agaro	Blueberries,Strawberries,Raspberries	Filter	Natural	Heirloom	Aeropress,Chemex,Clever dripper,French Press,Hario V60,Vacuum Pot	Ethiopia			
By ANDY LLANOS	Mlsnacava	Light to Medium Light	Cajamarca	Apple,Flowers,Marzipan,Špendlík	Filter	Washed	Tabi	Aeropress,Chemex,Clever dripper,French Press,Hario V60,Vacuum Pot	Peru			
Rwanda GITWE 96 - espresso	Mlsnacava	Medium to medium dark	Nyamasheke	Peach,Kiwi,Orange jam,Vanilla	Espresso	Washed	Red Bourbon	Moka pot,Espresso	Rwanda	4.5	100%	
Ethiopia BIRBISA - espresso	Mlsnacava	Medium to medium dark	Agaro	Blueberries,Strawberries,Raspberries	Espresso	Natural	Heirloom	Moka pot,Espresso	Ethiopia			
Brazil ALLESANDRO HERVAZ	Mlsnacava	Medium to medium dark	Mantiqueira de Minas	Almond,Marzipan,Cherries	Espresso	Natural	Catuai amarelo	Moka pot,Espresso	Brazil			
Ethiopia NANO CHALLA	Mlsnacava	Light to Medium Light	Jimma	Bergamot,Tea,Lemons,Forest fruit	Filter	Washed	Heirloom	Aeropress,Chemex,Clever dripper,French Press,Hario V60,Vacuum Pot	Ethiopia			
Costa Rica SAN FRANCISCO	Mlsnacava	Light to Medium Light	San Francisco	Grapes,Coconut,Nougat,Cherries,Green apple	Filter	Washed	Catuai,Caturra	Aeropress,Chemex,Clever dripper,French Press,Hario V60,Vacuum Pot	Costa Rica	3.0	0%	
Tanzania GAIA - espresso	Mlsnacava	Medium to medium dark	Ngorongoro	Caramel,Grapefruit,Flowers,Marzipan	Espresso	Washed	Batian	Espresso,Moka pot	Tanzania			
Brazil FAZENDA ZAROCA	Mlsnacava	Medium to medium dark	Tres Pontas	Dark Bitter chocolate,Cashew,Rum,Black cherries	Espresso	Natural	Yellow Bourbon	Moka pot,Espresso	Brazil	5.0	100%	
Guatemala LA BOLSA	Mlsnacava	Medium to medium dark	Huehuetenango	Cocoa,Passion fruit,Raspberry jam,Dužinové ovoce	Espresso	Natural	Caturra,Bourbon	Espresso,Moka pot	Guatemala			
Ethiopia NANO CHALLA - sample	Mlsnacava	Light to Medium Light	Jimma	Bergamot,Tea,Lemons,Forest fruit	Filter	Washed	Heirloom	Aeropress,Chemex,Clever dripper,French Press,Hario V60,Vacuum Pot	Ethiopia			
Costa Rica SAN FRANCISCO - sample	Mlsnacava	Light to Medium Light	San Francisco	Grapes,Coconut,Nougat,Cherries,Green apple	Filter	Washed	Catuai,Caturra	Aeropress,Chemex,Clever dripper,French Press,Hario V60,Vacuum Pot	Costa Rica	3.0	0%	
Bolivia JUAN MAMANI	Mlsnacava	Medium to medium dark	Caranavi	Caramel,Orange,Pineapple	Espresso	Washed	Caturra	Espresso,Moka pot	Bolivia			
Rwanda BWENDA 126	Mlsnacava	Light to Medium Light	Bwenda Cell	Honey,Orange,Cotton candy,Blackberry	Filter	Washed		Aeropress,Chemex,Clever dripper,French Press,Hario V60,Vacuum Pot	Rwanda	4.5	100%	
Ethiopia CHELBESA	Mlsnacava	Light to Medium Light	Yirgacheffe	Jasmine,Banana,White peaches	Filter	Natural	Heirloom	Aeropress,Chemex,Clever dripper,French Press,Hario V60,Vacuum Pot	Ethiopia			
Nicaragua LA ESPERANZA	Mlsnacava	Medium to medium dark	Nueva Segovia	Dark Bitter chocolate,Mango,Salted caramel,Švestkové víno	Espresso	Natural	Parainema	Moka pot,Espresso	Nicaragua			
Kolumbie El Jardin	Pikola	Light to Medium Light	Antioquia	Black currant,Rhubarb,Caramel cookies	Filter	Washed		Aeropress,Chemex,Clever dripper,French Press,Hario V60,Vacuum Pot	Colombia			
Brazílie MANGA LARGA 	Pikola	Medium to medium dark	Sul de Minas	Milk chocolate,Red apple,Mango	Espresso	Anaerobic		Moka pot,Espresso	Brazil			
Guatemala	Pikola	Light to Medium Light	Huehuetenango	Milk chocolate,Raspberries,Green apple	Filter	Washed		Aeropress,Chemex,Clever dripper,French Press,Hario V60,Vacuum Pot	Guatemala			
Honduras YOLANDA URREA ARITA	Pikola	Light to Medium Light	Copán	Pineapple,Peach,Chocolate	Filter	Natural		Aeropress,Chemex,Clever dripper,French Press,Hario V60,Vacuum Pot	Honduras	0.0	0%	
Keňa BARAGWI PB	Pikola	Light to Medium Light	Kirinyaga	Currant,Blackberry,Citrus	Filter	Washed		Aeropress,Chemex,Clever dripper,French Press,Hario V60,Vacuum Pot	Kenya			
Etiopie DARI HAMBELA	Pikola	Light to Medium Light	Guji	Strawberries,Vanilla,Dates	Filter	Natural		Aeropress,Chemex,Clever dripper,French Press,Hario V60,Vacuum Pot	Ethiopia			
Kolumbie LUIS ALBEIRO	Pikola	Light to Medium Light	Nariňo	Apple,Orange,Tropical fruit	Filter	Washed		Aeropress,Chemex,Clever dripper,French Press,Hario V60,Vacuum Pot	Colombia	5.0	100%	
Brazil RANCHO GRANDE - 2020	Pikola	Medium to medium dark	Sul de Minas	Chocolate pralines,Milk chocolate,Dried dates	Espresso	Natural		Moka pot,Espresso	Brazil			
Keňa KAMWANGI	Pikola	Light to Medium Light	Kirinyaga	Red orange,Rhubarb	Filter	Washed		Aeropress,Chemex,Clever dripper,French Press,Hario V60,Vacuum Pot	Kenya	0.0	0%	
Etiopie BANKO GOTITI	Pikola	Light to Medium Light	Yirgacheffe	Black tea,Citrus,Jasmine	Filter	Washed		Aeropress,Chemex,Clever dripper,French Press,Hario V60,Vacuum Pot	Ethiopia	0.0	0%	
Etiopie BURISO AMAJE	Pikola	Light to Medium Light	Guji	Milk chocolate,Rum,Black cherries	Filter	Natural		Aeropress,Chemex,Clever dripper,French Press,Hario V60,Vacuum Pot	Ethiopia			
Bolívie CARANAVI	Pikola	Light to Medium Light	Yungas	Nougat,Peach,Pecans	Filter	Natural		Aeropress,Chemex,Clever dripper,French Press,Hario V60,Vacuum Pot	Bolivia			
Colombia LUIS ALBEIRO - outlet	Pikola	Light to Medium Light	Nariňo	Apple,Orange,Tropical fruit	Filter	Washed		Aeropress,Chemex,Clever dripper,French Press,Hario V60,Vacuum Pot	Colombia	5.0	100%	
Kenya KAMWANGI - outlet	Pikola	Light to Medium Light	Kirinyaga	Red orange,Rhubarb	Filter	Washed		Aeropress,Chemex,Clever dripper,French Press,Hario V60,Vacuum Pot	Kenya			
Brazil RANCHO GRANDE - outlet	Pikola	Medium to medium dark	Sul de Minas	Chocolate pralines,Milk chocolate,Dried dates	Espresso	Natural		Moka pot,Espresso	Brazil			
Etiopie Bookkisa	Pikola	Light to Medium Light	Guji	Banana,Blueberries,Maple syrup	Filter	Natural		Aeropress,Chemex,Clever dripper,French Press,Hario V60,Vacuum Pot	Ethiopia	0.0	0%	
Kolumbie LA ROSA	Pikola	Light to Medium Light	Antioquia	Chocolate,Plums,Cherries	Filter	Natural		Aeropress,Chemex,Clever dripper,French Press,Hario V60,Vacuum Pot	Colombia			
Kostarika CORDILLERA del FUEGO	Pikola	Light to Medium Light	Tarazzu	Lemon peel,Flowers,Papaya,Cinnamon	Filter	Anaerobic		Aeropress,Chemex,Clever dripper,French Press,Hario V60,Vacuum Pot	Costa Rica	0.0	0%	
Kostarika THE CHACÓN	Pikola	Omni	Poas volcano	Pineapple,Grapefruit,Flowers	Omni (recommended for both Filter & Espresso Coffee)	Washed		Aeropress,Chemex,Clever dripper,French Press,Hario V60,Moka pot,Vacuum Pot,Espresso	Costa Rica	0.0	0%	
Ethiopia MUSTAFA ABAKENO	Pikola	Light to Medium Light	Jimma	Milk chocolate,Plums,Almond	Filter	Washed		Aeropress,Chemex,Clever dripper,French Press,Hario V60,Vacuum Pot	Ethiopia	0.0	0%	
Brazílie BANDEIRA BRANCA	Pikola	Medium to medium dark	Sul de Minas	Chocolate,Prunes	Espresso	Natural		Moka pot,Espresso	Brazil			
PERU ROBERTO PERALES PEREZ	Pikola	Light to Medium Light	Huabal	Bergamot,Citrus,Vanilla	Filter	Washed		Aeropress,Chemex,Clever dripper,French Press,Hario V60,Vacuum Pot	Peru			
Honduras vánoční kafe	Pikola	Omni	Copán	Chocolate,Caramel,Pralines,Black cherries	Omni (recommended for both Filter & Espresso Coffee)	Natural		Aeropress,Chemex,Clever dripper,French Press,Hario V60,Moka pot,Vacuum Pot,Espresso	Honduras	0.0	0%	
Nikaragua Montazumba	Pikola	Medium to medium dark	Mozonte	Lime,Almond,Mango,Roasted nuts	Espresso	Washed		Moka pot,Espresso	Nicaragua			
Brazil RANCHO GRANDE	Pikola	Medium to medium dark	Sul de Minas	Chocolate,Caramel,Plums	Espresso	Natural	Yellow Bourbon	Moka pot,Espresso	Brazil			
Ethiopia DIKITU	Pikola	Light to Medium Light	Guji	Blueberries,Dark Bitter chocolate,Jasmine	Filter	Natural	Heirloom	Aeropress,Chemex,Clever dripper,French Press,Hario V60,Vacuum Pot	Ethiopia	5.0	100%	
Costa Rica LOS CIPRESES	Pikola	Light to Medium Light	West Valley	Pineapple,Caramel,Green apple	Filter	Honey	Caturra,Villalobos	Aeropress,Chemex,Clever dripper,French Press,Hario V60,Vacuum Pot	Costa Rica			
Nicaragua LA HUERTA	Pikola	Omni	Nikaragua - Cerro Mogoton	Chocolate,Cherries	Omni (recommended for both Filter & Espresso Coffee)	Washed	Bourbon,Red Catuai	Aeropress,Chemex,Clever dripper,French Press,Hario V60,Moka pot,Vacuum Pot,Espresso	Nicaragua	5.0	100%	
Colombia JAIRO ARCILA - set of 2 coffees	Pikola	Light to Medium Light	Quindìo	Caramel,Peach,Pomegranate,Orange,Tutti Frutti,Lemon grass	Filter	Honey	Pink Bourbon,Tabi	Aeropress,Chemex,Clever dripper,French Press,Hario V60,Vacuum Pot	Colombia			
Colombia SIRUMA - Christmas Gesha	Pikola	Light to Medium Light	Caldas	Mango,Christmas sweets	Filter	Natural	Geisha (Gesha)	Aeropress,Chemex,Clever dripper,French Press,Hario V60,Vacuum Pot	Colombia			
Brazil FAZENDA SERTAO	Pikola	Medium to medium dark	Minas Gerais	Dark Bitter chocolate,Plums	Espresso	Natural	Red Bourbon	Moka pot,Espresso	Brazil			
Colombia PICHICA	Pikola	Medium to medium dark	El Palmichal	Peach,Black tea with lemon	Espresso	Washed	Caturra,Colombia,Tabi	Espresso,Moka pot	Colombia			
Ethiopia BULIYE - filter	Pikola	Light to Medium Light	Guji	Black tea,Citrus	Filter	Natural	Heirloom	Aeropress,Chemex,Clever dripper,French Press,Hario V60,Vacuum Pot	Ethiopia			
Ethiopia BULIYE - espresso	Pikola	Medium to medium dark	Guji	Black tea,Citrus	Espresso	Natural	Heirloom	Espresso,Moka pot	Ethiopia			
Costa Rica DON ELI JACOB - filter	Pikola	Light to Medium Light	Kostarika - Tarrazu	Pineapple,Griotka	Filter	Anaerobic	Catuai	Aeropress,Chemex,Clever dripper,French Press,Hario V60,Vacuum Pot	Costa Rica			
Brazil ALESSANDRO HERVAZ	Pikola	Medium to medium dark	Minas Gerais	Cheesecake,Chocolate cake,Kiwi	Espresso	Natural	Yellow Bourbon	Moka pot,Espresso	Brazil			
Peru ANAI DALILA GUEVARA	Pikola	Light to Medium Light	San Ignacio	White grapes,Red fruits	Filter	Washed	Catimor,Pache	Aeropress,Chemex,Clever dripper,French Press,Hario V60,Vacuum Pot	Peru			
Rwanda BWENDA	Rebelbean	Omni	Nyamagabe	Black tea,Blackberry,Panela	Omni (recommended for both Filter & Espresso Coffee)	Washed	Red Bourbon	Aeropress,Chemex,Clever dripper,French Press,Hario V60,Vacuum Pot,Espresso,Moka pot	Rwanda			13,99
Colombia ENCISO - espresso	The Coffee Collective	Medium to medium dark	Tolima	Cocoa,Forest fruit,Honey,Apricots	Espresso	Washed	Castillo,Caturra	Moka pot,Espresso	Colombia			18,99
Etiopie Gedeb od mistra světa Tima Wendelboe	Tim Wendelboe	Light to Medium Light	Yirgacheffe	Pineapple,Peach,Flowers	Filter	Natural		Aeropress,Chemex,Clever dripper,French Press,Hario V60,Vacuum Pot	Ethiopia			
Keňa KAROGOTO od mistra světa Tima Wendelboe	Tim Wendelboe	Light to Medium Light	Nyeri	Blueberries,Black currant,Grapefruit	Filter	Washed		Aeropress,Chemex,Clever dripper,French Press,Hario V60,Vacuum Pot	Kenya			
Honduras NACIMIENTO od mistra světa Tima Wendelboe	Tim Wendelboe	Light to Medium Light	Santa Barbara	Red fruits,Stone fruit,Wine	Filter	Washed		Aeropress,Chemex,Clever dripper,French Press,Hario V60,Vacuum Pot	Honduras	0.0	0%	
Honduras CABALLERO - espresso	Tim Wendelboe	Medium to medium dark	Chinacla		Espresso	Washed		Moka pot,Espresso	Honduras			
Honduras NACIMIENTO - Pacas	Tim Wendelboe	Light to Medium Light	Santa Barbara	Black currant,Blackberry,Cherries	Filter	Washed		Aeropress,Chemex,Clever dripper,French Press,Hario V60,Vacuum Pot	Honduras			
Keňa KARINGA	Tim Wendelboe	Light to Medium Light	Kiambu	Black currant,Hip	Filter	Washed		Aeropress,Chemex,Clever dripper,French Press,Hario V60,Vacuum Pot	Kenya	0.0	0%	
Kolumbie FINCA TAMANA	Tim Wendelboe	Light to Medium Light	Huila	Herbs,Brown sugar,Stone fruit	Filter	Washed		Aeropress,Chemex,Clever dripper,French Press,Hario V60,Vacuum Pot	Colombia			
Ethiopia ECHEMO	Tim Wendelboe	Light to Medium Light	Jimma	Flowers,Honey,Stone fruit	Filter	Washed	Heirloom	Aeropress,Chemex,Clever dripper,French Press,Hario V60,Vacuum Pot	Ethiopia			
Ethiopia FAHEM	Tim Wendelboe	Light to Medium Light	Illubabor	Peach,Flowers,Lemons	Filter	Washed	74110	Aeropress,Chemex,Clever dripper,French Press,Hario V60,Vacuum Pot	Ethiopia			
Honduras CABALLERO - 2021	Tim Wendelboe	Light to Medium Light	La Paz	Chocolate,Apple,Dried fruit	Filter	Washed	Catuai	Aeropress,Chemex,Clever dripper,French Press,Hario V60,Vacuum Pot	Honduras			
Kenya CAROGOTO	Tim Wendelboe	Light to Medium Light	Nyeri	Black currant,Hibiscus,Hip	Filter	Washed	Batian,Ruiru 11,SL28,SL34	Aeropress,Chemex,Clever dripper,French Press,Hario V60,Vacuum Pot	Kenya			
El Salvador LOS PIRINEOS	Tim Wendelboe	Light to Medium Light	Usulután	Chocolate,Roasted nuts,Dried fruit	Filter	Semi-washed	Bourbon	Aeropress,Chemex,Clever dripper,French Press,Hario V60,Vacuum Pot	El Salvador			
Ethiopia TATMARA - 2022	Tim Wendelboe	Light to Medium Light	Dakiti	Strawberries,Flowers,Tropical fruit	Filter	Natural	74110,Heirloom	Aeropress,Chemex,Clever dripper,French Press,Hario V60,Vacuum Pot	Ethiopia	4.8	100%	
Kenya KAROGOTO	Tim Wendelboe	Light to Medium Light	Nyeri	Black currant,Hibiscus,Ripe cherries	Filter	Washed	Batian,SL28,SL34,Ruiru 11	Aeropress,Chemex,Clever dripper,French Press,Hario V60,Vacuum Pot	Kenya			
Honduras CABALLERO	Tim Wendelboe	Light to Medium Light	La Paz	Dried fruit,Chocolate,Herbs,Nuts	Filter	Washed	Catuai	Aeropress,Chemex,Clever dripper,French Press,Hario V60,Vacuum Pot	Honduras	4.0	100%	
El Salvador LOS PYRINEOS PACAMARA	Tim Wendelboe	Light to Medium Light	Usulután	Dark Bitter chocolate,Stone fruit,Tropical fruit	Filter	Honey	Pacamara	Aeropress,Chemex,Clever dripper,French Press,Hario V60,Vacuum Pot	El Salvador			
Ethiopia TATMARA - 2022 - espresso	Tim Wendelboe	Medium to medium dark	Dakiti	Strawberries,Flowers,Tropical fruit	Espresso	Natural	74110,Heirloom	Moka pot,Espresso	Ethiopia	4.8	100%	
Honduras CABALLERO - espresso	Tim Wendelboe	Medium to medium dark	La Paz	Dried fruit,Chocolate,Nuts	Espresso	Washed	Catuai	Espresso,Moka pot	Honduras			
Honduras CABALLERO - geisha	Tim Wendelboe	Light to Medium Light	La Paz	Tangerines,Honey,Jasmine	Filter	Honey	Geisha (Gesha)	Aeropress,Chemex,Clever dripper,French Press,Hario V60,Vacuum Pot	Honduras			
Honduras NACIMIENTO PACAS	Tim Wendelboe	Light to Medium Light	Santa Barbara	Chocolate,Herbs,Red berry fruit	Filter	Washed	Pacas	Aeropress,Chemex,Clever dripper,French Press,Hario V60,Vacuum Pot	Honduras			
